rank,country,iso3,country_iso3,region,year,hno_year,sector_label,need_method,need_selection,source_file,people_in_need,requirements_usd,funding_usd,funding_pct,funding_gap,appeal_names,appeal_types,has_hrp_record,has_active_hrp,active_hrp_count,active_hrp_names,active_hrp_codes,active_hrp_types,hrp_status,hrp_plan_name,hrp_plan_type,hrp_year,hrp_match_confidence,hrp_data_quality,cbpf_allocation_usd,cbpf_allocation,cbpf_budget_usd,cbpf_projects,cbpf_per_person_in_need,cbpf_mapping_confidence,cbpf_country_source,population_baseline,population_reference_year,pin_population_share,population_source,severity_available,severity_scale,severity_rank,severity_context,severity_source,inform_severity_score,inform_severity_level,sector_count,sector_requirements_usd,sector_funding_usd,sector_median_funding_pct,worst_sector,worst_sector_funding_pct,worst_sector_gap_usd,incoming_total_usd,incoming_flow_records,incoming_source_count,top_donor,top_donor_usd,top_donor_share,outgoing_total_usd,outgoing_flow_records,outgoing_recipient_count,top_recipient,top_recipient_usd,top_recipient_share,need_scale,unmet_need_scale,cbpf_gap_scale,chronic_scale,overlooked_score,overlooked_level,underfunded_years_last_3,observed_funding_years_last_3,chronic_underfunding_count,chronic_underfunding_scale,confidence,data_quality_flags,supplemental_data_flags,lat,lon,explanation
1,Yemen,YEM,YEM,Middle East,2026,2026,GHO Estimates,national_hno_record,max_reported_pin_no_intersectoral,hpc_hno_2026.csv,23100000.0,2162563336.0,283776642.0,0.13122234954971973,0.8687776504502802,Yemen Humanitarian Needs and Response Plan 2026,Humanitarian needs and response plan,True,True,2,Regional Migrant Response Plan for Horn of Africa to Yemen and Southern Africa 2026; Yemen Humanitarian Needs and Response Plan 2026,HYEM26; RREG26,Humanitarian needs and response plan; sector,active_date_overlap_no_status_field,Yemen Humanitarian Needs and Response Plan 2026,Humanitarian needs and response plan,2026,medium_date_inferred,matched_by_year_and_date_no_status_field,0.0,0.0,0.0,0.0,0.0,not_applicable_no_mapped_allocation,no_mapped_cbpf_allocation,,,,,False,,,"No local INFORM/IPC/IDP severity file is available, and no COD baseline matched this row.","HNO PIN / COD population proxy, not INFORM or IPC severity",,,12,2094762913.0,198760630.0,0.1407346714332764,Emergency Telecommunications,0.0,1232000.0,142419285,147,27,"Saudi Arabia (Kingdom of), Government of",23742251,0.16670671391167285,142498978,130,37,World Food Programme,29686312,0.20832649059419922,0.95,0.95,0.8,0.6666666666666666,87.88610792792367,Very High,2,3,2,0.6666666666666666,High,no_mapped_cbpf_allocation,no_cod_population_baseline; hrp_status_inferred_without_status_field; no_formal_severity_dataset,15.5527,48.5164,"Yemen ranks Very High because it has 23,100,000 people in need, 13% funded, and $0 in mapped CBPF allocations for the selected year. It was below the chronic funding threshold in 2 of the last 3 observed funding years. It has an active HRP in 2026 (Yemen Humanitarian Needs and Response Plan 2026); matched FTS funding coverage is 13% funded. The lowest matched sector funding coverage is Emergency Telecommunications at 0.0%. The largest single-country incoming flow source accounts for 16.7% of matched paid/commitment flow detail."
2,Sudan,SDN,SDN,East Africa,2026,2026,Final,national_hno_record,max_reported_pin_no_intersectoral,hpc_hno_2026.csv,33699770.0,2866228593.0,596525342.0,0.2081220400413471,0.791877959958653,Sudan Humanitarian Needs and Response Plan 2026,Humanitarian needs and response plan,True,True,1,Sudan Humanitarian Needs and Response Plan 2026,HSDN26,Humanitarian needs and response plan,active_date_overlap_no_status_field,Sudan Humanitarian Needs and Response Plan 2026,Humanitarian needs and response plan,2026,medium_date_inferred,matched_by_year_and_date_no_status_field,206500000.03,206500000.03,206500000.03,20.0,6.127638260735904,alias_match,pooledfundname_alias_table,47514529.0,2024,0.7092519006133893,Central Bureau of Statistics (CBS) Sudan,False,0.9333333333333333,2.0,"PIN is 70.9% of the COD admin0 population baseline. This is a need-scale proxy, not INFORM or IPC severity.","HNO PIN / COD population proxy, not INFORM or IPC severity",,,14,2339534272.0,431805651.0,0.15652885834775943,Camp Coordination / Management,0.0,14990359.0,453983446,171,29,"United States of America, Government of",200000000,0.44054469774653415,405083275,118,34,Sudan Humanitarian Fund,249380135,0.6156268362350926,1.0,1.0,0.5,0.6666666666666666,83.96361566563299,Very High,2,3,2,0.6666666666666666,High,ok,hrp_status_inferred_without_status_field; no_formal_severity_dataset,12.8628,30.2176,"Sudan ranks Very High because it has 33,699,770 people in need, 21% funded, and $206,500,000 in mapped CBPF allocations for the selected year. It was below the chronic funding threshold in 2 of the last 3 observed funding years. COD admin0 data puts PIN at 70.9% of the population baseline. It has an active HRP in 2026 (Sudan Humanitarian Needs and Response Plan 2026); matched FTS funding coverage is 21% funded. The need-context proxy ranks at percentile 93% based on HNO PIN divided by COD admin0 population; it is not INFORM or IPC severity. The lowest matched sector funding coverage is Camp Coordination / Management at 0.0%. The largest single-country incoming flow source accounts for 44.1% of matched paid/commitment flow detail."
3,Afghanistan,AFG,AFG,Asia-Pacific,2026,2026,Plan caseload,national_hno_record,intersectoral_or_plan_caseload_hno,hpc_hno_2026.csv,21889283.0,1714181496.0,254880830.0,0.14868952359756427,0.8513104764024357,Afghanistan Humanitarian Needs and Response Plan 2026,Humanitarian needs and response plan,True,True,1,Afghanistan Humanitarian Needs and Response Plan 2026,HAFG26,Humanitarian needs and response plan,active_date_overlap_no_status_field,Afghanistan Humanitarian Needs and Response Plan 2026,Humanitarian needs and response plan,2026,medium_date_inferred,matched_by_year_and_date_no_status_field,9187068.4,9187068.4,9187068.4,13.0,0.41970622792898243,alias_match,pooledfundname_alias_table,40411869.0,2021,0.5416548044338162,National Statistic and Information Authority (NSIA) Afghanistan,False,0.8666666666666667,3.0,"PIN is 54.2% of the COD admin0 population baseline. This is a need-scale proxy, not INFORM or IPC severity.","HNO PIN / COD population proxy, not INFORM or IPC severity",,,10,1714181496.0,177389427.0,0.08661390370109501,Nutrition,0.029594935255077497,289223247.0,104986631,85,23,"Switzerland, Government of",17618249,0.1678142143641127,93180711,64,23,Afghanistan Humanitarian Fund,27281649,0.2927821510183583,0.9,0.9,0.6,0.3333333333333333,78.61609524339423,Very High,1,3,1,0.3333333333333333,High,ok,hrp_status_inferred_without_status_field; no_formal_severity_dataset,33.9391,67.71,"Afghanistan ranks Very High because it has 21,889,283 people in need, 15% funded, and $9,187,068 in mapped CBPF allocations for the selected year. It was below the chronic funding threshold in 1 of the last 3 observed funding years. COD admin0 data puts PIN at 54.2% of the population baseline. It has an active HRP in 2026 (Afghanistan Humanitarian Needs and Response Plan 2026); matched FTS funding coverage is 15% funded. The need-context proxy ranks at percentile 87% based on HNO PIN divided by COD admin0 population; it is not INFORM or IPC severity. The lowest matched sector funding coverage is Nutrition at 3.0%. The largest single-country incoming flow source accounts for 16.8% of matched paid/commitment flow detail."
4,Venezuela (Bolivarian Republic of),VEN,VEN,Latin America and Caribbean,2026,2026,GHO Estimates,national_hno_record,max_reported_pin_no_intersectoral,hpc_hno_2026.csv,7900000.0,632191972.0,97100737.0,0.15359375205732603,0.8464062479426739,Venezuela Plan de Respuesta Humanitaria 2026,Humanitarian needs and response plan,True,True,1,Venezuela Plan de Respuesta Humanitaria 2026,HVEN26,Humanitarian needs and response plan,active_date_overlap_no_status_field,Venezuela Plan de Respuesta Humanitaria 2026,Humanitarian needs and response plan,2026,medium_date_inferred,matched_by_year_and_date_no_status_field,0.0,0.0,0.0,0.0,0.0,not_applicable_no_mapped_allocation,no_mapped_cbpf_allocation,27225775.0,2011,0.2901662119811098,Instituto Nacional de Estadística (INE),False,0.6666666666666666,6.0,"PIN is 29.0% of the COD admin0 population baseline. This is a need-scale proxy, not INFORM or IPC severity.","HNO PIN / COD population proxy, not INFORM or IPC severity",,,9,632191972.0,59345599.0,0.048927613570611046,Protection - Child Protection,0.01147098317362099,38373872.0,74056157,51,13,United States Department of State,27000000,0.3645881867729107,71382818,39,13,World Food Programme,31664312,0.4435845051676161,0.7,0.7,0.8,1.0,78.16015619856684,Very High,3,3,3,1.0,High,no_mapped_cbpf_allocation,hrp_status_inferred_without_status_field; no_formal_severity_dataset,6.4238,-66.5897,"Venezuela (Bolivarian Republic of) ranks Very High because it has 7,900,000 people in need, 15% funded, and $0 in mapped CBPF allocations for the selected year. It was below the chronic funding threshold in 3 of the last 3 observed funding years. COD admin0 data puts PIN at 29.0% of the population baseline. It has an active HRP in 2026 (Venezuela Plan de Respuesta Humanitaria 2026); matched FTS funding coverage is 15% funded. The need-context proxy ranks at percentile 67% based on HNO PIN divided by COD admin0 population; it is not INFORM or IPC severity. The lowest matched sector funding coverage is Protection - Child Protection at 1.1%. The largest single-country incoming flow source accounts for 36.5% of matched paid/commitment flow detail."
5,Syrian Arab Republic,SYR,SYR,Middle East,2026,2026,GHO Estimates,national_hno_record,max_reported_pin_no_intersectoral,hpc_hno_2026.csv,16500000.0,2922184830.0,482681129.0,0.16517816533870652,0.8348218346612934,Syrian Arab Republic Humanitarian Response Priorities 2026,Humanitarian needs and response plan,True,True,1,Syrian Arab Republic Humanitarian Response Priorities 2026,HSYR26,Humanitarian needs and response plan,active_date_overlap_no_status_field,Syrian Arab Republic Humanitarian Response Priorities 2026,Humanitarian needs and response plan,2026,medium_date_inferred,matched_by_year_and_date_no_status_field,145900000.0,145900000.0,145900000.0,17.0,8.842424242424242,alias_match,pooledfundname_alias_table,,,,,False,,,"No local INFORM/IPC/IDP severity file is available, and no COD baseline matched this row.","HNO PIN / COD population proxy, not INFORM or IPC severity",,,11,2922184830.0,354272862.0,0.1427824647694207,Education,0.06264064001516213,316055911.0,294131306,121,20,"United States of America, Government of",150000000,0.5099763164958714,278781105,110,40,Syrian Arab Republic Humanitarian Fund,188196183,0.6750679282944947,0.85,0.85,0.44999999999999996,0.6666666666666666,76.787212533199,Very High,2,3,2,0.6666666666666666,High,ok,no_cod_population_baseline; hrp_status_inferred_without_status_field; no_formal_severity_dataset,34.8021,38.9968,"Syrian Arab Republic ranks Very High because it has 16,500,000 people in need, 17% funded, and $145,900,000 in mapped CBPF allocations for the selected year. It was below the chronic funding threshold in 2 of the last 3 observed funding years. It has an active HRP in 2026 (Syrian Arab Republic Humanitarian Response Priorities 2026); matched FTS funding coverage is 17% funded. The lowest matched sector funding coverage is Education at 6.3%. The largest single-country incoming flow source accounts for 51.0% of matched paid/commitment flow detail."
6,Myanmar,MMR,MMR,Asia-Pacific,2026,2026,Protection (overall),national_hno_record,intersectoral_or_plan_caseload_hno,hpc_hno_2026.csv,11596899.0,889600798.0,283434906.0,0.3186090959419306,0.6813909040580695,Myanmar Humanitarian Needs and Response Plan 2026,Humanitarian needs and response plan,True,True,1,Myanmar Humanitarian Needs and Response Plan 2026,HMMR26,Humanitarian needs and response plan,active_date_overlap_no_status_field,Myanmar Humanitarian Needs and Response Plan 2026,Humanitarian needs and response plan,2026,medium_date_inferred,matched_by_year_and_date_no_status_field,135931808.67,135931808.67,135931808.67,15.0,11.721392819752934,alias_match,pooledfundname_alias_table,,,,,False,,,"No local INFORM/IPC/IDP severity file is available, and no COD baseline matched this row.","HNO PIN / COD population proxy, not INFORM or IPC severity",,,10,889600794.0,220111271.0,0.2198777784502216,Education,0.0811395160679924,80912286.0,247223995,98,16,"United States of America, Government of",140000000,0.5662880741005742,244286937,72,8,Myanmar Humanitarian Fund,174101206,0.7126914281134893,0.8,0.8,0.35,1.0,72.28477260145173,High,3,3,3,1.0,High,ok,no_cod_population_baseline; hrp_status_inferred_without_status_field; no_formal_severity_dataset,21.9162,95.956,"Myanmar ranks High because it has 11,596,899 people in need, 32% funded, and $135,931,809 in mapped CBPF allocations for the selected year. It was below the chronic funding threshold in 3 of the last 3 observed funding years. It has an active HRP in 2026 (Myanmar Humanitarian Needs and Response Plan 2026); matched FTS funding coverage is 32% funded. The lowest matched sector funding coverage is Education at 8.1%. The largest single-country incoming flow source accounts for 56.6% of matched paid/commitment flow detail."
7,South Sudan,SSD,SSD,East Africa,2026,2026,Final caseload,national_hno_record,max_reported_pin_no_intersectoral,hpc_hno_2026.csv,9913863.0,1463046056.0,357756561.0,0.24452857073967602,0.755471429260324,South Sudan Humanitarian Needs and Response Plan 2026,Humanitarian needs and response plan,True,True,2,South Sudan Humanitarian Needs and Response Plan 2026; Sudan Emergency: Regional Refugee Response Plan 2026,HSSD26; RREG26a,Humanitarian needs and response plan; sector,active_date_overlap_no_status_field,South Sudan Humanitarian Needs and Response Plan 2026,Humanitarian needs and response plan,2026,medium_date_inferred,matched_by_year_and_date_no_status_field,102699840.98,102699840.98,102699840.98,27.0,10.359215270576163,alias_match,pooledfundname_alias_table,12394970.0,2022,0.7998295276228986,"South Sudan National Bureau of Statistics [SSNBS], Government of South Sudan, UNFPA",False,1.0,1.0,"PIN is 80.0% of the COD admin0 population baseline. This is a need-scale proxy, not INFORM or IPC severity.","HNO PIN / COD population proxy, not INFORM or IPC severity",,,15,1081563558.0,267235320.0,0.19354104465521807,Camp Coordination / Management,0.0,16927678.0,206686584,106,20,"United States of America, Government of",100000000,0.48382433956139115,148628371,60,28,South Sudan Humanitarian Fund,108393410,0.7292915159515541,0.75,0.75,0.4,0.3333333333333333,65.72011906484144,High,1,3,1,0.3333333333333333,High,ok,hrp_status_inferred_without_status_field; no_formal_severity_dataset,6.877,31.307,"South Sudan ranks High because it has 9,913,863 people in need, 24% funded, and $102,699,841 in mapped CBPF allocations for the selected year. It was below the chronic funding threshold in 1 of the last 3 observed funding years. COD admin0 data puts PIN at 80.0% of the population baseline. It has an active HRP in 2026 (South Sudan Humanitarian Needs and Response Plan 2026); matched FTS funding coverage is 24% funded. The need-context proxy ranks at percentile 100% based on HNO PIN divided by COD admin0 population; it is not INFORM or IPC severity. The lowest matched sector funding coverage is Camp Coordination / Management at 0.0%. The largest single-country incoming flow source accounts for 48.4% of matched paid/commitment flow detail."
8,Mali,MLI,MLI,West and Central Africa,2026,2026,GHO Estimates,national_hno_record,max_reported_pin_no_intersectoral,hpc_hno_2026.csv,5100000.0,577866412.0,92429441.0,0.15994949538614125,0.8400505046138588,Mali Besoins Humanitaires et Plan de Réponse 2026,Humanitarian needs and response plan,True,True,1,Mali Besoins Humanitaires et Plan de Réponse 2026,HMLI26,Humanitarian needs and response plan,active_date_overlap_no_status_field,Mali Besoins Humanitaires et Plan de Réponse 2026,Humanitarian needs and response plan,2026,medium_date_inferred,matched_by_year_and_date_no_status_field,0.0,0.0,0.0,0.0,0.0,not_applicable_no_mapped_allocation,no_mapped_cbpf_allocation,17907114.0,2018,0.284803011808603,DNP - Direction Nationale de la Population,False,0.6,7.0,"PIN is 28.5% of the COD admin0 population baseline. This is a need-scale proxy, not INFORM or IPC severity.","HNO PIN / COD population proxy, not INFORM or IPC severity",,,9,533094595.0,43716360.0,0.06265006226045967,Multipurpose Cash,0.03424343989118073,29666195.0,62879677,124,21,European Commission's Humanitarian Aid and Civil Protection Department,15033069,0.23907675289108116,38878258,72,23,World Food Programme,9982016,0.2567505982392524,0.4,0.55,0.8,0.6666666666666666,64.16792928201313,High,2,3,2,0.6666666666666666,High,no_mapped_cbpf_allocation,hrp_status_inferred_without_status_field; no_formal_severity_dataset,17.5707,-3.9962,"Mali ranks High because it has 5,100,000 people in need, 16% funded, and $0 in mapped CBPF allocations for the selected year. It was below the chronic funding threshold in 2 of the last 3 observed funding years. COD admin0 data puts PIN at 28.5% of the population baseline. It has an active HRP in 2026 (Mali Besoins Humanitaires et Plan de Réponse 2026); matched FTS funding coverage is 16% funded. The need-context proxy ranks at percentile 60% based on HNO PIN divided by COD admin0 population; it is not INFORM or IPC severity. The lowest matched sector funding coverage is Multipurpose Cash at 3.4%. The largest single-country incoming flow source accounts for 23.9% of matched paid/commitment flow detail."
9,Somalia,SOM,SOM,East Africa,2026,2026,Health,national_hno_record,max_reported_pin_no_intersectoral,hpc_hno_2026.csv,4989936.0,852000000.0,146978139.0,0.17250955281690142,0.8274904471830986,Somalia Humanitarian Needs and Response Plan 2026,Humanitarian needs and response plan,True,True,2,Regional Migrant Response Plan for Horn of Africa to Yemen and Southern Africa 2026; Somalia Humanitarian Needs and Response Plan 2026,HSOM26; RREG26,Humanitarian needs and response plan; sector,active_date_overlap_no_status_field,Somalia Humanitarian Needs and Response Plan 2026,Humanitarian needs and response plan,2026,medium_date_inferred,matched_by_year_and_date_no_status_field,0.0,0.0,0.0,0.0,0.0,not_applicable_no_mapped_allocation,no_mapped_cbpf_allocation,12327528.0,2014,0.404779936415476,Multiple Source (Humanitarian Partners),False,0.7333333333333333,5.0,"PIN is 40.5% of the COD admin0 population baseline. This is a need-scale proxy, not INFORM or IPC severity.","HNO PIN / COD population proxy, not INFORM or IPC severity",,,11,835000000.0,92211532.0,0.09215452631578948,Camp Coordination / Management,0.0,17000000.0,76368310,94,18,European Commission's Humanitarian Aid and Civil Protection Department,14393506,0.18847485298548575,60892684,81,25,Somalia Humanitarian Fund,25990815,0.42682984707982324,0.35,0.5,0.8,0.6666666666666666,61.35392784624414,High,2,3,2,0.6666666666666666,High,no_mapped_cbpf_allocation,hrp_status_inferred_without_status_field; no_formal_severity_dataset,5.1521,46.1996,"Somalia ranks High because it has 4,989,936 people in need, 17% funded, and $0 in mapped CBPF allocations for the selected year. It was below the chronic funding threshold in 2 of the last 3 observed funding years. COD admin0 data puts PIN at 40.5% of the population baseline. It has an active HRP in 2026 (Somalia Humanitarian Needs and Response Plan 2026); matched FTS funding coverage is 17% funded. The need-context proxy ranks at percentile 73% based on HNO PIN divided by COD admin0 population; it is not INFORM or IPC severity. The lowest matched sector funding coverage is Camp Coordination / Management at 0.0%. The largest single-country incoming flow source accounts for 18.8% of matched paid/commitment flow detail."
10,Haiti,HTI,HTI,Latin America and Caribbean,2026,2026,Final HNRP,national_hno_record,max_reported_pin_no_intersectoral,hpc_hno_2026.csv,6414193.0,880327426.0,197937587.0,0.224845416777916,0.775154583222084,Haiti Besoins Humanitaires et Plan de Réponse 2026,Humanitarian needs and response plan,True,True,1,Haiti Besoins Humanitaires et Plan de Réponse 2026,HHTI26,Humanitarian needs and response plan,active_date_overlap_no_status_field,Haiti Besoins Humanitaires et Plan de Réponse 2026,Humanitarian needs and response plan,2026,medium_date_inferred,matched_by_year_and_date_no_status_field,121500000.18,121500000.18,121500000.18,7.0,18.94236736873992,alias_match,pooledfundname_alias_table,11899555.0,2024,0.5390279720544172,"Please see section 3 ""Data Sources"" of attached ""Technical Accompanying Note""",False,0.8,4.0,"PIN is 53.9% of the COD admin0 population baseline. This is a need-scale proxy, not INFORM or IPC severity.","HNO PIN / COD population proxy, not INFORM or IPC severity",,,11,880327426.0,163623795.0,0.17063149083837892,Camp Coordination / Management,0.07914241176470588,15654579.0,173682527,42,11,"United States of America, Government of",132935958,0.7653962681001296,160974381,32,16,"Haiti (Latin America, Caribbean HF)",125584795,0.7801539239961419,0.55,0.65,0.25,0.6666666666666666,60.29553124721876,High,2,3,2,0.6666666666666666,High,ok,hrp_status_inferred_without_status_field; no_formal_severity_dataset,18.9712,-72.2852,"Haiti ranks High because it has 6,414,193 people in need, 22% funded, and $121,500,000 in mapped CBPF allocations for the selected year. It was below the chronic funding threshold in 2 of the last 3 observed funding years. COD admin0 data puts PIN at 53.9% of the population baseline. It has an active HRP in 2026 (Haiti Besoins Humanitaires et Plan de Réponse 2026); matched FTS funding coverage is 22% funded. The need-context proxy ranks at percentile 80% based on HNO PIN divided by COD admin0 population; it is not INFORM or IPC severity. The lowest matched sector funding coverage is Camp Coordination / Management at 7.9%. The largest single-country incoming flow source accounts for 76.5% of matched paid/commitment flow detail."
11,Colombia,COL,COL,Latin America and Caribbean,2026,2026,GHO Estimates,national_hno_record,max_reported_pin_no_intersectoral,hpc_hno_2026.csv,6900000.0,522218090.0,184125805.0,0.35258411863901534,0.6474158813609847,Colombia Necesidades Humanitarias y Plan de Respuesta 2026; Venezuela Regional Refugee and Migrant Response Plan (RMRP) 2026,Humanitarian needs and response plan; Regional response plan,True,True,2,Colombia Necesidades Humanitarias y Plan de Respuesta 2026; Venezuela Regional Refugee and Migrant Response Plan (RMRP) 2026,HCOL26; RREG26b,Humanitarian needs and response plan; sector,active_date_overlap_no_status_field,Colombia Necesidades Humanitarias y Plan de Respuesta 2026,Humanitarian needs and response plan,2026,medium_date_inferred,matched_by_year_and_date_no_status_field,97200000.02,97200000.02,97200000.02,11.0,14.08695652463768,alias_match,pooledfundname_alias_table,53216592.0,2025,0.1296588101695802,Departamento Administrativo Nacional de Estadística (DANE),False,0.4666666666666667,9.0,"PIN is 13.0% of the COD admin0 population baseline. This is a need-scale proxy, not INFORM or IPC severity.","HNO PIN / COD population proxy, not INFORM or IPC severity",,,8,286966367.0,58944817.0,0.16198395471041088,Emergency Shelter and NFI,0.05444616774115502,10130017.0,172635637,72,16,"United States of America, Government of",124843025,0.7231590601423737,154441580,49,20,"Colombia (Latin America, Caribbean HF)",100584795,0.6512805359800127,0.65,0.6,0.30000000000000004,0.6666666666666666,58.35206370069128,High,2,3,2,0.6666666666666666,High,ok,hrp_status_inferred_without_status_field; no_formal_severity_dataset,4.5709,-74.2973,"Colombia ranks High because it has 6,900,000 people in need, 35% funded, and $97,200,000 in mapped CBPF allocations for the selected year. It was below the chronic funding threshold in 2 of the last 3 observed funding years. COD admin0 data puts PIN at 13.0% of the population baseline. It has an active HRP in 2026 (Colombia Necesidades Humanitarias y Plan de Respuesta 2026); matched FTS funding coverage is 35% funded. The need-context proxy ranks at percentile 47% based on HNO PIN divided by COD admin0 population; it is not INFORM or IPC severity. The lowest matched sector funding coverage is Emergency Shelter and NFI at 5.4%. The largest single-country incoming flow source accounts for 72.3% of matched paid/commitment flow detail."
12,Burkina Faso,BFA,BFA,West and Central Africa,2026,2026,GHO Estimates,national_hno_record,max_reported_pin_no_intersectoral,hpc_hno_2026.csv,4400000.0,658486359.0,91055738.0,0.13828037096817067,0.8617196290318293,Burkina Faso Besoins Humanitaires et Plan de Réponse 2026,Humanitarian needs and response plan,True,True,1,Burkina Faso Besoins Humanitaires et Plan de Réponse 2026,HBFA26,Humanitarian needs and response plan,active_date_overlap_no_status_field,Burkina Faso Besoins Humanitaires et Plan de Réponse 2026,Humanitarian needs and response plan,2026,medium_date_inferred,matched_by_year_and_date_no_status_field,0.0,0.0,0.0,0.0,0.0,not_applicable_no_mapped_allocation,no_mapped_cbpf_allocation,23558491.0,2024,0.18676917804285512,Institut Geographique National de la Statistique (INS) ,False,0.5333333333333333,8.0,"PIN is 18.7% of the COD admin0 population baseline. This is a need-scale proxy, not INFORM or IPC severity.","HNO PIN / COD population proxy, not INFORM or IPC severity",,,10,611286160.0,53825400.0,0.07896475586194796,Camp Coordination / Management,0.004081112052108504,7480290.0,52523546,94,17,European Commission's Humanitarian Aid and Civil Protection Department,14096840,0.2683908660698575,35162633,56,20,World Food Programme,9495653,0.27004954378700824,0.3,0.35,0.8,0.6666666666666666,56.7096573924624,High,2,3,2,0.6666666666666666,High,no_mapped_cbpf_allocation,hrp_status_inferred_without_status_field; no_formal_severity_dataset,12.2383,-1.5616,"Burkina Faso ranks High because it has 4,400,000 people in need, 14% funded, and $0 in mapped CBPF allocations for the selected year. It was below the chronic funding threshold in 2 of the last 3 observed funding years. COD admin0 data puts PIN at 18.7% of the population baseline. It has an active HRP in 2026 (Burkina Faso Besoins Humanitaires et Plan de Réponse 2026); matched FTS funding coverage is 14% funded. The need-context proxy ranks at percentile 53% based on HNO PIN divided by COD admin0 population; it is not INFORM or IPC severity. The lowest matched sector funding coverage is Camp Coordination / Management at 0.4%. The largest single-country incoming flow source accounts for 26.8% of matched paid/commitment flow detail."
13,Niger,NER,NER,West and Central Africa,2026,2026,GHO Estimates,national_hno_record,max_reported_pin_no_intersectoral,hpc_hno_2026.csv,2600000.0,675619589.0,82944207.0,0.12276761708873424,0.8772323829112658,Niger Besoins Humanitaires et Plan de Réponse 2026,Humanitarian needs and response plan,True,True,1,Niger Besoins Humanitaires et Plan de Réponse 2026,HNER26,Humanitarian needs and response plan,active_date_overlap_no_status_field,Niger Besoins Humanitaires et Plan de Réponse 2026,Humanitarian needs and response plan,2026,medium_date_inferred,matched_by_year_and_date_no_status_field,0.0,0.0,0.0,0.0,0.0,not_applicable_no_mapped_allocation,no_mapped_cbpf_allocation,26367847.0,2024,0.09860494108601282,National Institute of Statistics,False,0.4,10.0,"PIN is 9.9% of the COD admin0 population baseline. This is a need-scale proxy, not INFORM or IPC severity.","HNO PIN / COD population proxy, not INFORM or IPC severity",,,14,555245991.0,55189869.0,0.09401029346656767,Protection - Mine Action,0.0,3160000.0,49316753,89,16,"Germany, Government of",10758938,0.21815990197083737,37849533,72,22,World Food Programme,14639283,0.3867757892812046,0.2,0.25,0.8,0.6666666666666666,52.09747623944831,Moderate,2,3,2,0.6666666666666666,High,no_mapped_cbpf_allocation,hrp_status_inferred_without_status_field; no_formal_severity_dataset,17.6078,8.0817,"Niger ranks Moderate because it has 2,600,000 people in need, 12% funded, and $0 in mapped CBPF allocations for the selected year. It was below the chronic funding threshold in 2 of the last 3 observed funding years. COD admin0 data puts PIN at 9.9% of the population baseline. It has an active HRP in 2026 (Niger Besoins Humanitaires et Plan de Réponse 2026); matched FTS funding coverage is 12% funded. The need-context proxy ranks at percentile 40% based on HNO PIN divided by COD admin0 population; it is not INFORM or IPC severity. The lowest matched sector funding coverage is Protection - Mine Action at 0.0%. The largest single-country incoming flow source accounts for 21.8% of matched paid/commitment flow detail."
14,Cameroon,CMR,CMR,West and Central Africa,2026,2026,GHO Estimates,national_hno_record,max_reported_pin_no_intersectoral,hpc_hno_2026.csv,2900000.0,318976221.0,74141534.0,0.2324359281941584,0.7675640718058416,Cameroon Humanitarian Needs and Response Plan 2026,Humanitarian needs and response plan,True,True,1,Cameroon Humanitarian Needs and Response Plan 2026,HCMR26,Humanitarian needs and response plan,active_date_overlap_no_status_field,Cameroon Humanitarian Needs and Response Plan 2026,Humanitarian needs and response plan,2026,medium_date_inferred,matched_by_year_and_date_no_status_field,0.0,0.0,0.0,0.0,0.0,not_applicable_no_mapped_allocation,no_mapped_cbpf_allocation,29442318.0,2025,0.09849767942863738,BUCREP Cameroun,False,0.3333333333333333,11.0,"PIN is 9.8% of the COD admin0 population baseline. This is a need-scale proxy, not INFORM or IPC severity.","HNO PIN / COD population proxy, not INFORM or IPC severity",,,12,264711863.0,28155581.0,0.06711947694551412,Protection - Child Protection,0.0,11748612.0,53191123,58,9,United States Department of State,30000000,0.5640038846331558,45761797,24,9,United Nations High Commissioner for Refugees,33894182,0.7406654507033454,0.25,0.2,0.8,0.6666666666666666,48.8557684618127,Moderate,2,3,2,0.6666666666666666,High,no_mapped_cbpf_allocation,hrp_status_inferred_without_status_field; no_formal_severity_dataset,7.3697,12.3547,"Cameroon ranks Moderate because it has 2,900,000 people in need, 23% funded, and $0 in mapped CBPF allocations for the selected year. It was below the chronic funding threshold in 2 of the last 3 observed funding years. COD admin0 data puts PIN at 9.8% of the population baseline. It has an active HRP in 2026 (Cameroon Humanitarian Needs and Response Plan 2026); matched FTS funding coverage is 23% funded. The need-context proxy ranks at percentile 33% based on HNO PIN divided by COD admin0 population; it is not INFORM or IPC severity. The lowest matched sector funding coverage is Protection - Child Protection at 0.0%. The largest single-country incoming flow source accounts for 56.4% of matched paid/commitment flow detail."
15,Democratic Republic of the Congo,COD,COD,West and Central Africa,2026,2026,Protection (total),national_hno_record,intersectoral_or_plan_caseload_hno,hpc_hno_2026.csv,5850814.0,1403721718.0,478312939.0,0.34074626962493143,0.6592537303750685,République Démocratique du Congo Besoins Humanitaires et Plan de Réponse 2026,Humanitarian needs and response plan,True,True,1,République Démocratique du Congo Besoins Humanitaires et Plan de Réponse 2026,HCOD26,Humanitarian needs and response plan,active_date_overlap_no_status_field,République Démocratique du Congo Besoins Humanitaires et Plan de Réponse 2026,Humanitarian needs and response plan,2026,medium_date_inferred,matched_by_year_and_date_no_status_field,149774981.91,149774981.91,149774981.91,20.0,25.598999029878577,alias_match,pooledfundname_alias_table,103199358.0,2020,0.0566942867997299,Health Zone population statistics developed by the DRC IM Working Group,False,0.26666666666666666,12.0,"PIN is 5.7% of the COD admin0 population baseline. This is a need-scale proxy, not INFORM or IPC severity.","HNO PIN / COD population proxy, not INFORM or IPC severity",,,15,1301117424.0,322313483.0,0.21786281910894847,"Protection - Housing, Land and Property",0.0,6610241.0,385286743,88,15,"United States of America, Government of",229105993,0.5946376229197172,333115961,70,29,Democratic Republic of the Congo Humanitarian Fund,155437348,0.46661633244286366,0.45,0.4,0.15000000000000002,0.6666666666666666,46.39800992604338,Moderate,2,3,2,0.6666666666666666,High,ok,hrp_status_inferred_without_status_field; no_formal_severity_dataset,-4.0383,21.7587,"Democratic Republic of the Congo ranks Moderate because it has 5,850,814 people in need, 34% funded, and $149,774,982 in mapped CBPF allocations for the selected year. It was below the chronic funding threshold in 2 of the last 3 observed funding years. COD admin0 data puts PIN at 5.7% of the population baseline. It has an active HRP in 2026 (République Démocratique du Congo Besoins Humanitaires et Plan de Réponse 2026); matched FTS funding coverage is 34% funded. The need-context proxy ranks at percentile 27% based on HNO PIN divided by COD admin0 population; it is not INFORM or IPC severity. The lowest matched sector funding coverage is Protection - Housing, Land and Property at 0.0%. The largest single-country incoming flow source accounts for 59.5% of matched paid/commitment flow detail."
16,Ukraine,UKR,UKR,Europe,2026,2026,Protection (overall),national_hno_record,intersectoral_or_plan_caseload_hno,hpc_hno_2026.csv,6539382.0,2303961975.0,851356706.0,0.3695185577010228,0.6304814422989772,Ukraine Humanitarian Needs and Response Plan 2026,Humanitarian needs and response plan,True,True,1,Ukraine Humanitarian Needs and Response Plan 2026,HUKR26,Humanitarian needs and response plan,active_date_overlap_no_status_field,Ukraine Humanitarian Needs and Response Plan 2026,Humanitarian needs and response plan,2026,medium_date_inferred,matched_by_year_and_date_no_status_field,224973913.23,224973913.23,224973913.23,37.0,34.40293184126573,alias_match,pooledfundname_alias_table,,,,,False,,,"No local INFORM/IPC/IDP severity file is available, and no COD baseline matched this row.","HNO PIN / COD population proxy, not INFORM or IPC severity",,,12,2303961975.0,553615556.0,0.26711468807320016,Emergency Telecommunications,0.0,856000.0,565083413,188,24,"United States of America, Government of",155000000,0.27429578790344,521112279,113,42,Ukraine Humanitarian Fund,184601816,0.35424576130550167,0.6,0.45,0.09999999999999998,0.3333333333333333,46.09536939080776,Moderate,1,3,1,0.3333333333333333,High,ok,no_cod_population_baseline; hrp_status_inferred_without_status_field; no_formal_severity_dataset,48.3794,31.1656,"Ukraine ranks Moderate because it has 6,539,382 people in need, 37% funded, and $224,973,913 in mapped CBPF allocations for the selected year. It was below the chronic funding threshold in 1 of the last 3 observed funding years. It has an active HRP in 2026 (Ukraine Humanitarian Needs and Response Plan 2026); matched FTS funding coverage is 37% funded. The lowest matched sector funding coverage is Emergency Telecommunications at 0.0%. The largest single-country incoming flow source accounts for 27.4% of matched paid/commitment flow detail."
17,Nigeria,NGA,NGA,West and Central Africa,2026,2026,GHO Estimates,national_hno_record,max_reported_pin_no_intersectoral,hpc_hno_2026.csv,5900000.0,516399423.0,214646368.0,0.41565958140119763,0.5843404185988024,Nigeria Humanitarian Needs and Response Plan 2026,Humanitarian needs and response plan,True,True,1,Nigeria Humanitarian Needs and Response Plan 2026,HNGA26,Humanitarian needs and response plan,active_date_overlap_no_status_field,Nigeria Humanitarian Needs and Response Plan 2026,Humanitarian needs and response plan,2026,medium_date_inferred,matched_by_year_and_date_no_status_field,121500055.47999999,121500055.47999999,121500055.47999999,17.0,20.59322974237288,alias_match,pooledfundname_alias_table,216798930.0,2022,0.027214156453631944,UNFPA and United States Census Bureau - PEPFAR  program,False,0.13333333333333333,14.0,"PIN is 2.7% of the COD admin0 population baseline. This is a need-scale proxy, not INFORM or IPC severity.","HNO PIN / COD population proxy, not INFORM or IPC severity",,,10,516399422.0,168042158.0,0.31999619875010504,Camp Coordination / Management,0.0,5135968.0,182726889,84,17,"United States of America, Government of",125000000,0.6840810385602307,163518962,66,21,Nigeria Humanitarian Fund,127801708,0.7815711794941556,0.5,0.3,0.19999999999999996,0.3333333333333333,39.94184379830339,Moderate,1,3,1,0.3333333333333333,High,ok,hrp_status_inferred_without_status_field; no_formal_severity_dataset,9.082,8.6753,"Nigeria ranks Moderate because it has 5,900,000 people in need, 42% funded, and $121,500,055 in mapped CBPF allocations for the selected year. It was below the chronic funding threshold in 1 of the last 3 observed funding years. COD admin0 data puts PIN at 2.7% of the population baseline. It has an active HRP in 2026 (Nigeria Humanitarian Needs and Response Plan 2026); matched FTS funding coverage is 42% funded. The need-context proxy ranks at percentile 13% based on HNO PIN divided by COD admin0 population; it is not INFORM or IPC severity. The lowest matched sector funding coverage is Camp Coordination / Management at 0.0%. The largest single-country incoming flow source accounts for 68.4% of matched paid/commitment flow detail."
18,Mozambique,MOZ,MOZ,Southern Africa,2026,2026,Protection (overall),national_hno_record,intersectoral_or_plan_caseload_hno,hpc_hno_2026.csv,1654443.0,534342584.0,137591093.0,0.25749602805379257,0.7425039719462074,Mozambique Humanitarian Needs and Response Plan 2026,Humanitarian needs and response plan,True,True,1,Mozambique Humanitarian Needs and Response Plan 2026,HMOZ26,Humanitarian needs and response plan,active_date_overlap_no_status_field,Mozambique Humanitarian Needs and Response Plan 2026,Humanitarian needs and response plan,2026,medium_date_inferred,matched_by_year_and_date_no_status_field,77800000.0,77800000.0,77800000.0,14.0,47.02488994785556,alias_match,pooledfundname_alias_table,35163992.0,2025,0.047049350938312126, Mozambique INE (Instituto Nacional de Estatistica),False,0.2,13.0,"PIN is 4.7% of the COD admin0 population baseline. This is a need-scale proxy, not INFORM or IPC severity.","HNO PIN / COD population proxy, not INFORM or IPC severity",,,13,534342584.0,110178059.0,0.17139362945351036,Logistics,0.0,7654749.0,131423883,88,20,"United States of America, Government of",80000000,0.6087173668426765,120100969,56,22,"Mozambique (Eastern, Southern Africa HF)",81602408,0.679448373143434,0.15,0.15,0.050000000000000044,1.0,36.81259929865519,Moderate,3,3,3,1.0,High,ok,hrp_status_inferred_without_status_field; no_formal_severity_dataset,-18.6657,35.5296,"Mozambique ranks Moderate because it has 1,654,443 people in need, 26% funded, and $77,800,000 in mapped CBPF allocations for the selected year. It was below the chronic funding threshold in 3 of the last 3 observed funding years. COD admin0 data puts PIN at 4.7% of the population baseline. It has an active HRP in 2026 (Mozambique Humanitarian Needs and Response Plan 2026); matched FTS funding coverage is 26% funded. The need-context proxy ranks at percentile 20% based on HNO PIN divided by COD admin0 population; it is not INFORM or IPC severity. The lowest matched sector funding coverage is Logistics at 0.0%. The largest single-country incoming flow source accounts for 60.9% of matched paid/commitment flow detail."
19,Central African Republic,CAF,CAF,West and Central Africa,2026,2026,Protection (overall),national_hno_record,intersectoral_or_plan_caseload_hno,hpc_hno_2026.csv,1043244.0,264097388.0,56005327.0,0.2120631613365294,0.7879368386634706,République Centrafricaine Besoins Humanitaires et Plan de Réponse 2026,Humanitarian needs and response plan,True,True,2,République Centrafricaine Besoins Humanitaires et Plan de Réponse 2026; Sudan Emergency: Regional Refugee Response Plan 2026,HCAF26; RREG26a,Humanitarian needs and response plan; sector,active_date_overlap_no_status_field,République Centrafricaine Besoins Humanitaires et Plan de Réponse 2026,Humanitarian needs and response plan,2026,medium_date_inferred,matched_by_year_and_date_no_status_field,2793560.45,2793560.45,2793560.45,6.0,2.677763255767587,alias_match,pooledfundname_alias_table,,,,,False,,,"No local INFORM/IPC/IDP severity file is available, and no COD baseline matched this row.","HNO PIN / COD population proxy, not INFORM or IPC severity",,,14,223020543.0,29972486.0,0.11275863181447349,Protection - Gender-Based Violence,0.0,14044630.0,31062399,64,13,European Commission's Humanitarian Aid and Civil Protection Department,8448270,0.2719773833308883,17895209,32,12,Norwegian Refugee Council,3129135,0.17485881276938425,0.1,0.1,0.55,0.3333333333333333,36.2817542999201,Moderate,1,3,1,0.3333333333333333,High,ok,no_cod_population_baseline; hrp_status_inferred_without_status_field; no_formal_severity_dataset,6.6111,20.9394,"Central African Republic ranks Moderate because it has 1,043,244 people in need, 21% funded, and $2,793,560 in mapped CBPF allocations for the selected year. It was below the chronic funding threshold in 1 of the last 3 observed funding years. It has an active HRP in 2026 (République Centrafricaine Besoins Humanitaires et Plan de Réponse 2026); matched FTS funding coverage is 21% funded. The lowest matched sector funding coverage is Protection - Gender-Based Violence at 0.0%. The largest single-country incoming flow source accounts for 27.2% of matched paid/commitment flow detail."
20,Chad,TCD,TCD,West and Central Africa,2026,2026,Protection (total),national_hno_record,intersectoral_or_plan_caseload_hno,hpc_hno_2026.csv,462247.0,986069627.0,243066985.0,0.24650083355624947,0.7534991664437505,Tchad Besoins Humanitaires et Plan de Réponse 2026,Humanitarian needs and response plan,True,True,2,Sudan Emergency: Regional Refugee Response Plan 2026; Tchad Besoins Humanitaires et Plan de Réponse 2026,HTCD26; RREG26a,Humanitarian needs and response plan; sector,active_date_overlap_no_status_field,Tchad Besoins Humanitaires et Plan de Réponse 2026,Humanitarian needs and response plan,2026,medium_date_inferred,matched_by_year_and_date_no_status_field,97272706.83,97272706.83,97272706.83,12.0,210.43447946660552,alias_match,pooledfundname_alias_table,18033749.0,2023,0.02563232969472959,UNFPA and INSEED Tchad,False,0.06666666666666667,15.0,"PIN is 2.6% of the COD admin0 population baseline. This is a need-scale proxy, not INFORM or IPC severity.","HNO PIN / COD population proxy, not INFORM or IPC severity",,,12,446148570.0,170074184.0,0.2590852597293327,Multipurpose Cash,0.0,1821169.0,174630725,120,17,"United States of America, Government of",100000000,0.5726369171289875,137877665,55,22,"Chad (West, Central Africa HF)",100215123,0.7268408773821343,0.05,0.05,0.0,0.6666666666666666,28.00414582776043,Watch,2,3,2,0.6666666666666666,High,ok,hrp_status_inferred_without_status_field; no_formal_severity_dataset,15.4542,18.7322,"Chad ranks Watch because it has 462,247 people in need, 25% funded, and $97,272,707 in mapped CBPF allocations for the selected year. It was below the chronic funding threshold in 2 of the last 3 observed funding years. COD admin0 data puts PIN at 2.6% of the population baseline. It has an active HRP in 2026 (Tchad Besoins Humanitaires et Plan de Réponse 2026); matched FTS funding coverage is 25% funded. The need-context proxy ranks at percentile 7% based on HNO PIN divided by COD admin0 population; it is not INFORM or IPC severity. The lowest matched sector funding coverage is Multipurpose Cash at 0.0%. The largest single-country incoming flow source accounts for 57.3% of matched paid/commitment flow detail."
